{"cameraMode":{"drawMode":0,"name":"Shaded","section":"Shading Mode"},"sceneLighting":false,"audioPlay":false,"sceneViewState":{"showFog":true,"showMaterialUpdate":false,"showSkybox":true,"showFlares":true,"showImageEffects":true,"showParticleSystems":true},"in2DMode":false,"pivot":{"x":-8.4399995803833,"y":1.2300000190734864,"z":-9.489999771118164},"rotation":{"x":-0.47229477763175967,"y":0.074399933218956,"z":-0.04005616530776024,"w":-0.8774006366729736},"size":4.039294719696045,"orthographic":false}