{"cameraMode":{"drawMode":0,"name":"Shaded","section":"Shading Mode"},"sceneLighting":false,"audioPlay":false,"sceneViewState":{"showFog":true,"showMaterialUpdate":false,"showSkybox":false,"showFlares":true,"showImageEffects":true,"showParticleSystems":true},"in2DMode":false,"pivot":{"x":0.07016664743423462,"y":0.8958684206008911,"z":-5.324357986450195},"rotation":{"x":-0.055035386234521869,"y":-0.8516448736190796,"z":0.09130741655826569,"w":-0.5132746696472168},"size":3.37962007522583,"orthographic":false}